{
    "aeroplane": [
        154.79105122435743,
        126.52601452787265,
        90.26584370232698
    ],
    "bicycle": [
        239.9698634124893,
        97.93514521109333,
        83.71946700607876
    ],
    "bird": [
        208.682916368866,
        1.72824986072255,
        2.1855122311585067
    ],
    "boat": [
        186.52948409717612,
        23.28756184320547,
        101.03210059789099
    ],
    "bottle": [
        88.60631953403839,
        133.1666487599996,
        141.77211112945065
    ],
    "bus": [
        163.53109221819773,
        222.29133255743298,
        66.84442615813016
    ],
    "car": [
        146.65624417019208,
        229.3321383850112,
        164.53959825459893
    ],
    "cat": [
        205.9076852062077,
        26.3682933535069,
        47.44597653033013
    ],
    "chair": [
        67.39872159948635,
        211.73094628979368,
        211.3416504094952
    ],
    "cow": [
        69.99503290160469,
        234.07419563374432,
        195.471085549334
    ],
    "diningtable": [
        130.55824391326726,
        142.39749912040895,
        249.92582312014395
    ],
    "dog": [
        8.357259387571432,
        188.54957588017612,
        161.2677244426639
    ],
    "horse": [
        227.27339904869154,
        84.26579486368911,
        192.48472733223596
    ],
    "motorbike": [
        236.08109254143778,
        238.62814141104892,
        104.69153646381791
    ],
    "person": [
        159.44383869654843,
        159.27320822790784,
        50.18931979185589
    ],
    "pottedplant": [
        137.0511752500548,
        129.1687582145647,
        180.68384050668428
    ],
    "sheep": [
        206.7349703786884,
        252.4925151386284,
        151.3584613697405
    ],
    "sofa": [
        52.33963339812207,
        102.13613028345662,
        124.6917689677821
    ],
    "train": [
        11.427210587299312,
        105.05710891513785,
        145.9713439771564
    ],
    "tvmonitor": [
        39.961415444437,
        125.71694409923226,
        124.1483700737838
    ]
}